Task 1,Task 2,Task 3,Task 4,Task 5,Task 6,Task 7,Task 8,Task 9,Task 10
0.09119129864560038,0.034495931397668156,0.004125559444749294,0.04064959379117877,0.030701944176524,0.17059830551097097,0.01098467394748108,0.04281326310515261,0.029079880596768158,0.04535954938390658
0.016990469117828977,0.002120716222846708,0.010067824133793979,0.022972071730165522,0.02495393631813897,0.08733840590091208,0.131333874993712,0.037374989423912514,0.07481778209516168,0.09202993006352758
0.003195141684151248,0.023070558077355197,0.018448158972730833,0.04374077622417755,0.14462900823757835,0.1040999501902867,0.04417390444341279,0.0536207811686923,0.006332347111098625,0.05868937389051641
0.014820966731526108,0.0010265428468558824,0.022235292721220656,0.07664180105498825,0.04139553196320944,0.11401798549670139,0.04025478068515509,0.11024394837853742,0.007597356034386257,0.07176579408741951
0.005404157859174252,0.02640557721968917,0.1255502223033816,0.07660060064470292,0.007289195417680916,0.013382703427747833,0.058781458802949826,0.013918283867917464,0.08944340300155232,0.08322439745520371
